{"cameraMode":{"drawMode":0,"name":"Shaded","section":"Shading Mode"},"sceneLighting":true,"audioPlay":false,"sceneViewState":{"showFog":false,"showMaterialUpdate":false,"showSkybox":false,"showFlares":false,"showImageEffects":false,"showParticleSystems":false},"in2DMode":false,"pivot":{"x":3.7078604698181154,"y":-7.009446144104004,"z":6.721534729003906},"rotation":{"x":0.35535818338394167,"y":0.03833688423037529,"z":-0.014648141339421273,"w":0.9338288903236389},"size":23.042789459228517,"orthographic":false}