{"cameraMode":{"drawMode":0,"name":"Shaded","section":"Shading Mode"},"sceneLighting":true,"audioPlay":false,"sceneViewState":{"showFog":false,"showMaterialUpdate":false,"showSkybox":false,"showFlares":false,"showImageEffects":false,"showParticleSystems":false},"in2DMode":false,"pivot":{"x":-6.935426712036133,"y":-8.39420223236084,"z":7.424652099609375},"rotation":{"x":-0.33948662877082827,"y":0.3226962685585022,"z":-0.12519419193267823,"w":-0.8746098875999451},"size":32.790164947509769,"orthographic":false}