{"cameraMode":{"drawMode":0,"name":"Shaded","section":"Shading Mode"},"sceneLighting":true,"audioPlay":false,"sceneViewState":{"showFog":false,"showMaterialUpdate":false,"showSkybox":false,"showFlares":false,"showImageEffects":false,"showParticleSystems":false},"in2DMode":false,"pivot":{"x":-38.321903228759769,"y":-28.9521484375,"z":96.89131927490235},"rotation":{"x":0.1545390784740448,"y":-0.18994179368019105,"z":0.030283527448773385,"w":0.9690834283828735},"size":117.69969940185547,"orthographic":false}