{"cameraMode":{"drawMode":0,"name":"Shaded","section":"Shading Mode"},"sceneLighting":true,"audioPlay":false,"sceneViewState":{"showFog":false,"showMaterialUpdate":false,"showSkybox":false,"showFlares":false,"showImageEffects":false,"showParticleSystems":false},"in2DMode":false,"pivot":{"x":51.91352844238281,"y":-0.7837762832641602,"z":69.26332092285156},"rotation":{"x":0.05012064799666405,"y":0.29764074087142947,"z":-0.015656283125281335,"w":0.9532328248023987},"size":105.4903564453125,"orthographic":false}