{"cameraMode":{"drawMode":0,"name":"Shaded","section":"Shading Mode"},"sceneLighting":true,"audioPlay":false,"sceneViewState":{"showFog":true,"showMaterialUpdate":false,"showSkybox":true,"showFlares":true,"showImageEffects":true,"showParticleSystems":true},"in2DMode":false,"pivot":{"x":874.593994140625,"y":183.3216094970703,"z":-90.30038452148438},"rotation":{"x":0.2862622141838074,"y":-0.10664865374565125,"z":-0.03209779039025307,"w":-0.9516832232475281},"size":406.4797058105469,"orthographic":false}