{"cameraMode":{"drawMode":0,"name":"Shaded","section":"Shading Mode"},"sceneLighting":false,"audioPlay":false,"sceneViewState":{"showFog":true,"showMaterialUpdate":false,"showSkybox":true,"showFlares":true,"showImageEffects":true,"showParticleSystems":true},"in2DMode":false,"pivot":{"x":525.962890625,"y":144.97952270507813,"z":-1.4496525526046754},"rotation":{"x":-0.11704287678003311,"y":-0.002386432606726885,"z":0.0002813447208609432,"w":-0.9931248426437378},"size":519.9514770507813,"orthographic":false}