{"cameraMode":{"drawMode":0,"name":"Shaded","section":"Shading Mode"},"sceneLighting":true,"audioPlay":false,"sceneViewState":{"showFog":true,"showMaterialUpdate":false,"showSkybox":true,"showFlares":true,"showImageEffects":true,"showParticleSystems":true},"in2DMode":false,"pivot":{"x":2.59149169921875,"y":-4.179497241973877,"z":-0.9108657836914063},"rotation":{"x":0.033082835376262668,"y":-0.2512364387512207,"z":-0.008601640351116658,"w":-0.9673486948013306},"size":70.00357055664063,"orthographic":false}