{"cameraMode":{"drawMode":0,"name":"Shaded","section":"Shading Mode"},"sceneLighting":false,"audioPlay":false,"sceneViewState":{"showFog":true,"showMaterialUpdate":false,"showSkybox":true,"showFlares":true,"showImageEffects":true,"showParticleSystems":true},"in2DMode":false,"pivot":{"x":338.00897216796877,"y":41.040008544921878,"z":0.0},"rotation":{"x":0.05991125479340553,"y":0.04191302880644798,"z":-0.002517589135095477,"w":0.9973219633102417},"size":147.32769775390626,"orthographic":true}