{"cameraMode":{"drawMode":0,"name":"Shaded","section":"Shading Mode"},"sceneLighting":false,"audioPlay":false,"sceneViewState":{"showFog":true,"showMaterialUpdate":false,"showSkybox":true,"showFlares":true,"showImageEffects":true,"showParticleSystems":true},"in2DMode":false,"pivot":{"x":119.62800598144531,"y":267.97772216796877,"z":9.978995323181153},"rotation":{"x":-0.002999992575496435,"y":0.001499990583397448,"z":0.000004499981514527462,"w":0.9999943971633911},"size":145.96714782714845,"orthographic":true}