{"cameraMode":{"drawMode":0,"name":"Shaded","section":"Shading Mode"},"sceneLighting":false,"audioPlay":false,"sceneViewState":{"showFog":true,"showMaterialUpdate":false,"showSkybox":true,"showFlares":true,"showImageEffects":true,"showParticleSystems":true},"in2DMode":false,"pivot":{"x":227.685791015625,"y":157.18960571289063,"z":-3.9951171875},"rotation":{"x":-0.002999992575496435,"y":0.001499990583397448,"z":0.000004499981514527462,"w":0.9999943971633911},"size":327.7930908203125,"orthographic":true}