{"cameraMode":{"drawMode":0,"name":"Shaded","section":"Shading Mode"},"sceneLighting":false,"audioPlay":false,"sceneViewState":{"showFog":true,"showMaterialUpdate":false,"showSkybox":true,"showFlares":true,"showImageEffects":true,"showParticleSystems":true},"in2DMode":false,"pivot":{"x":221.4861297607422,"y":39.21263885498047,"z":0.0},"rotation":{"x":0.09430838376283646,"y":0.032847654074430469,"z":-0.0031130213756114246,"w":0.9949998259544373},"size":387.735107421875,"orthographic":true}