{"cameraMode":{"drawMode":0,"name":"Shaded","section":"Shading Mode"},"sceneLighting":true,"audioPlay":false,"sceneViewState":{"showFog":true,"showMaterialUpdate":false,"showSkybox":true,"showFlares":true,"showImageEffects":true,"showParticleSystems":true},"in2DMode":false,"pivot":{"x":115.02349090576172,"y":139.5027313232422,"z":-0.6491919755935669},"rotation":{"x":-0.017998304218053819,"y":-0.008998421020805836,"z":-0.00016198921366594732,"w":0.9997974634170532},"size":435.7925720214844,"orthographic":true}