{"cameraMode":{"drawMode":0,"name":"Shaded","section":"Shading Mode"},"sceneLighting":false,"audioPlay":false,"sceneViewState":{"showFog":true,"showMaterialUpdate":false,"showSkybox":true,"showFlares":true,"showImageEffects":true,"showParticleSystems":true},"in2DMode":false,"pivot":{"x":4.447265148162842,"y":-3.460145950317383,"z":0.1129285991191864},"rotation":{"x":0.22719042003154756,"y":0.6745592355728149,"z":-0.2310674637556076,"w":0.663325309753418},"size":13.455984115600586,"orthographic":false}