{"cameraMode":{"drawMode":0,"name":"Shaded","section":"Shading Mode"},"sceneLighting":false,"audioPlay":false,"sceneViewState":{"showFog":true,"showMaterialUpdate":false,"showSkybox":true,"showFlares":true,"showImageEffects":true,"showParticleSystems":true},"in2DMode":false,"pivot":{"x":-1.768447995185852,"y":1.1408390998840333,"z":0.834202766418457},"rotation":{"x":0.3412827253341675,"y":-0.03946313261985779,"z":0.014341023750603199,"w":0.9390265345573425},"size":7.778174877166748,"orthographic":false}