{"cameraMode":{"drawMode":0,"name":"Shaded","section":"Shading Mode"},"sceneLighting":true,"audioPlay":false,"sceneViewState":{"showFog":true,"showMaterialUpdate":false,"showSkybox":true,"showFlares":true,"showImageEffects":true,"showParticleSystems":true},"in2DMode":false,"pivot":{"x":-2.649341106414795,"y":2.5117480754852297,"z":-0.5648564696311951},"rotation":{"x":-0.17124491930007935,"y":-0.6623141169548035,"z":0.15935157239437104,"w":-0.7118121981620789},"size":3.320516347885132,"orthographic":false}