{"cameraMode":{"drawMode":0,"name":"Shaded","section":"Shading Mode"},"sceneLighting":true,"audioPlay":false,"sceneViewState":{"showFog":true,"showMaterialUpdate":false,"showSkybox":true,"showFlares":true,"showImageEffects":true,"showParticleSystems":true},"in2DMode":false,"pivot":{"x":-0.42135578393936159,"y":1.6663764715194703,"z":-0.34851744771003725},"rotation":{"x":0.5167800784111023,"y":0.03567492216825485,"z":-0.021570753306150438,"w":0.8551230430603027},"size":7.9593658447265629,"orthographic":false}