{"cameraMode":{"drawMode":0,"name":"Shaded","section":"Shading Mode"},"sceneLighting":false,"audioPlay":false,"sceneViewState":{"showFog":true,"showMaterialUpdate":false,"showSkybox":true,"showFlares":true,"showImageEffects":true,"showParticleSystems":true},"in2DMode":false,"pivot":{"x":251.856689453125,"y":179.38864135742188,"z":-14.849555969238282},"rotation":{"x":0.07740026712417603,"y":0.0239256601780653,"z":-0.0018578077433630825,"w":0.9967141151428223},"size":378.7834167480469,"orthographic":false}