{"cameraMode":{"drawMode":0,"name":"Shaded","section":"Shading Mode"},"sceneLighting":false,"audioPlay":false,"sceneViewState":{"showFog":true,"showMaterialUpdate":false,"showSkybox":true,"showFlares":true,"showImageEffects":true,"showParticleSystems":true},"in2DMode":false,"pivot":{"x":-0.38099998235702517,"y":2.8618876934051515,"z":-0.38099998235702517},"rotation":{"x":-0.3309420943260193,"y":-0.40766552090644839,"z":0.16147471964359284,"w":-0.8356223106384277},"size":9.829890251159668,"orthographic":false}