{"cameraMode":{"drawMode":0,"name":"Shaded","section":"Shading Mode"},"sceneLighting":false,"audioPlay":false,"sceneViewState":{"showFog":true,"showMaterialUpdate":false,"showSkybox":true,"showFlares":true,"showImageEffects":true,"showParticleSystems":true},"in2DMode":false,"pivot":{"x":84.96630859375,"y":211.60443115234376,"z":-229.80136108398438},"rotation":{"x":0.07740026712417603,"y":0.0239256601780653,"z":-0.0018578077433630825,"w":0.9967141151428223},"size":178.4656524658203,"orthographic":false}