{"cameraMode":{"drawMode":0,"name":"Shaded","section":"Shading Mode"},"sceneLighting":false,"audioPlay":false,"sceneViewState":{"showFog":true,"showMaterialUpdate":false,"showSkybox":true,"showFlares":true,"showImageEffects":true,"showParticleSystems":true},"in2DMode":false,"pivot":{"x":221.4861297607422,"y":39.21263885498047,"z":0.0},"rotation":{"x":0.05991125479340553,"y":0.04191302880644798,"z":-0.002517589135095477,"w":0.9973219633102417},"size":387.735107421875,"orthographic":true}