{"cameraMode":{"drawMode":0,"name":"Shaded","section":"Shading Mode"},"sceneLighting":true,"audioPlay":false,"sceneViewState":{"showFog":true,"showMaterialUpdate":false,"showSkybox":true,"showFlares":true,"showImageEffects":true,"showParticleSystems":true},"in2DMode":false,"pivot":{"x":1145.807373046875,"y":176.1059112548828,"z":914.6962890625},"rotation":{"x":-0.14810709655284882,"y":0.0450776107609272,"z":-0.006757904309779406,"w":-0.9879206418991089},"size":2470.53662109375,"orthographic":false}