{"cameraMode":{"drawMode":0,"name":"Shaded","section":"Shading Mode"},"sceneLighting":true,"audioPlay":false,"sceneViewState":{"showFog":true,"showMaterialUpdate":false,"showSkybox":true,"showFlares":true,"showImageEffects":true,"showParticleSystems":true},"in2DMode":false,"pivot":{"x":261.2247314453125,"y":129.72705078125,"z":-142.8141326904297},"rotation":{"x":-0.07373523712158203,"y":0.01405841950327158,"z":-0.001039627124555409,"w":-0.9971800446510315},"size":58.183570861816409,"orthographic":true}