{"cameraMode":{"drawMode":0,"name":"Shaded","section":"Shading Mode"},"sceneLighting":true,"audioPlay":false,"sceneViewState":{"showFog":true,"showMaterialUpdate":false,"showSkybox":true,"showFlares":true,"showImageEffects":true,"showParticleSystems":true},"in2DMode":false,"pivot":{"x":213.0932159423828,"y":156.61154174804688,"z":34.80781936645508},"rotation":{"x":0.0014990943018347026,"y":0.02849658578634262,"z":-0.00004277441985323094,"w":0.9995948076248169},"size":386.61572265625,"orthographic":true}