{"cameraMode":{"drawMode":0,"name":"Shaded","section":"Shading Mode"},"sceneLighting":false,"audioPlay":false,"sceneViewState":{"showFog":true,"showMaterialUpdate":false,"showSkybox":true,"showFlares":true,"showImageEffects":true,"showParticleSystems":true},"in2DMode":false,"pivot":{"x":107.27410888671875,"y":276.45623779296877,"z":3.4936091899871828},"rotation":{"x":0.0014990943018347026,"y":0.02849658578634262,"z":-0.00004277441985323094,"w":0.9995948076248169},"size":131.0447540283203,"orthographic":true}