{"cameraMode":{"drawMode":0,"name":"Shaded","section":"Shading Mode"},"sceneLighting":false,"audioPlay":false,"sceneViewState":{"showFog":true,"showMaterialUpdate":false,"showSkybox":true,"showFlares":true,"showImageEffects":true,"showParticleSystems":true},"in2DMode":false,"pivot":{"x":103.52755737304688,"y":286.048828125,"z":4.176279067993164},"rotation":{"x":0.0014990943018347026,"y":0.02849658578634262,"z":-0.00004277441985323094,"w":0.9995948076248169},"size":133.35121154785157,"orthographic":true}