{"cameraMode":{"drawMode":0,"name":"Shaded","section":"Shading Mode"},"sceneLighting":true,"audioPlay":false,"sceneViewState":{"showFog":true,"showMaterialUpdate":false,"showSkybox":true,"showFlares":true,"showImageEffects":true,"showParticleSystems":true},"in2DMode":false,"pivot":{"x":219.74588012695313,"y":87.75566101074219,"z":-43.7081298828125},"rotation":{"x":0.015598876401782036,"y":-0.47179409861564639,"z":-0.008342391811311245,"w":-0.8815410137176514},"size":667.96044921875,"orthographic":true}