{"cameraMode":{"drawMode":0,"name":"Shaded","section":"Shading Mode"},"sceneLighting":true,"audioPlay":false,"sceneViewState":{"showFog":true,"showMaterialUpdate":false,"showSkybox":true,"showFlares":true,"showImageEffects":true,"showParticleSystems":true},"in2DMode":false,"pivot":{"x":219.74588012695313,"y":87.75566101074219,"z":-43.7081298828125},"rotation":{"x":-0.13901695609092713,"y":0.6245635151863098,"z":-0.11422830075025559,"w":-0.7599840760231018},"size":12.430160522460938,"orthographic":true}