{"cameraMode":{"drawMode":0,"name":"Shaded","section":"Shading Mode"},"sceneLighting":true,"audioPlay":false,"sceneViewState":{"showFog":true,"showMaterialUpdate":false,"showSkybox":true,"showFlares":true,"showImageEffects":true,"showParticleSystems":true},"in2DMode":false,"pivot":{"x":219.74588012695313,"y":87.75566101074219,"z":-43.7081298828125},"rotation":{"x":-0.10502631962299347,"y":0.040858328342437747,"z":-0.004318689927458763,"w":-0.9936209321022034},"size":330.2859191894531,"orthographic":true}